<?xml version="1.0" encoding="UTF-8"?>
<!DOCTYPE suite SYSTEM "https://testng.org/testng-1.0.dtd">
<suite name="Suite">
	<listeners>
		<listener class-name="org.uncommons.reportng.HTMLReporter" />
	</listeners>
	<test thread-count="5" name="Test">
		<classes>
			<class name="crm.Activity1" />
			<class name="crm.Activity2" />
			<class name="crm.Activity3" />
			<class name="crm.Activity4" />
			<class name="crm.Activity5" />
			<class name="crm.Activity6" />
			<class name="crm.Activity7" />
			<class name="crm.Activity8" />
			<class name="crm.Activity9" />
		</classes>
	</test> <!-- Test -->
</suite> <!-- Suite -->
